{"final_loss": 0.027547971105575563, "accuracy": 23.10828025477707}