{"final_loss": 0.0235204000890255, "accuracy": 24.070063694267517}